AB,2
ABHOR,5
ABT,3
ABTS,4
ABZUG,5
AD,2
ADHAM,5
ADLON,5
ADMIN,5
ADSIT,5
ADULT,5
ADULTS,6
ADVIL,5
ADZ,3
AFT,3
AG,2
AGRIBANK,8
AKST,4
AL,2
ALBIN,5
ALBUM,5
ALBUS,5
ALF,3
ALFIN,5
ALFONSIN,8
ALGOL,5
ALIG,4
ALIHAN,6
ALPS,4
ALSIP,5
ALSOP,5
ALSUP,5
ALTUS,5
ALUM,4
ALVIN,5
ALVORD,6
ALWIN,5
AM,2
AMBLIN,6
AMBRIT,6
AMBRIZ,6
AMIDON,6
AMIRAV,6
AMIS,4
AMP,3
AMPAD,5
AMPOL,5
AMSTRAD,7
AMTRAK,6
AN,2
AND,3
ANDIS,5
ANDRIST,7
ANDROPOV,8
ANDROS,6
ANDRUS,6
ANGLIM,6
ANGLIN,6
ANGUS,5
ANIKST,6
ANIMUS,6
ANINAT,6
ANKRUM,6
ANRIG,5
ANSIN,5
ANT,3
ANTIDRUG,8
ANTON,5
ANTRIL,6
ANTRIM,6
ANTS,4
ANZUS,5
APLIN,5
APT,3
ASIMOV,6
ASK,3
ASKS,4
ASP,3
ASPIN,5
ASPLUND,7
AST,3
ASTRID,6
AT,2
ATLANTIS,8
ATNIP,5
AVID,4
AVRIL,5
BAB,3
BABIN,5
BAD,3
BADLAND,7
BAG,3
BAGDAD,6
BAK,3
BAKST,5
BAL,3
BALIN,5
BALKIN,6
BALOG,5
BAM,3
BAMUT,5
BAN,3
BAND,4
BANDAG,6
BANDSTAND,9
BANGOR,6
BANIK,5
BANIS,5
BANK,4
BANKRUPT,8
BANKS,5
BAPTIST,7
BASK,4
BASKIN,6
BASKS,5
BAST,4
BASTIN,6
BAT,3
BATDORF,7
BATIBOT,7
BATIKS,6
BATMAN,6
BATON,5
BATS,4
BATUS,5
BAZ,3
BED,3
BEDBUG,6
BEDNORZ,7
BEDPAN,6
BEG,3
BEHUNIN,7
BEL,3
BELDIN,6
BELFAST,7
BELIN,5
BELK,4
BELKIN,6
BELMONT,7
BELNAP,6
BELOV,5
BELT,4
BELTRAM,7
BELTS,5
BELVIN,6
BELZ,4
BEM,3
BEN,3
BEND,4
BENDIG,6
BENDORF,7
BENSKIN,7
BENT,4
BENZ,4
BEST,4
BESTUL,6
BET,3
BETS,4
BEV,3
BEVIN,5
BEVIS,5
BIB,3
BID,3
BIG,3
BIGHORN,7
BIGLIN,6
BIGWIG,6
BIKIN,5
BIL,3
BILD,4
BILK,4
BIN,3
BINK,4
BINZ,4
BIP,3
BIS,3
BISIG,5
BISKUP,6
BIT,3
BITS,4
BIVIN,5
BIZ,3
BIZET,5
BIZUB,5
BLAHUT,6
BLAN,4
BLAND,5
BLANDFORD,9
BLANDIN,7
BLANK,5
BLANKS,6
BLAST,5
BLASTS,6
BLATNIK,7
BLED,4
BLEND,5
BLEST,5
BLIMP,5
BLIMPS,6
BLINK,5
BLINKS,6
BLIP,4
BLIPS,5
BLOB,4
BLOG,4
BLOK,4
BLOM,4
BLOND,5
BLONDIN,7
BLOT,4
BLOTS,5
BLUNK,5
BLUNT,5
BLUNTS,6
BLUST,5
BOB,3
BOBST,5
BODKIN,6
BOG,3
BOK,3
BOL,3
BOM,3
BOMBAST,7
BON,3
BOND,4
BONK,4
BONS,4
BONWIT,6
BOP,3
BORG,4
BORIN,5
BORIS,5
BORK,4
BORN,4
BORNHORST,9
BORON,5
BORST,5
BORSUK,6
BORT,4
BORUM,5
BORUP,5
BOS,3
BOSKIN,6
BOST,4
BOTIN,5
BOTKIN,6
BRAD,4
BRADT,5
BRAG,4
BRAM,4
BRAN,4
BRAND,5
BRANDHORST,10
BRANDIS,7
BRANIN,6
BRANISLOV,9
BRANK,5
BRANKS,6
BRANSTAD,8
BRANT,5
BRANUM,6
BRANZ,5
BRAS,4
BRAT,4
BRATS,5
BRAZ,4
BRED,4
BREM,4
BREN,4
BRENT,5
BRENTS,6
BRESLIN,7
BREST,5
BRET,4
BREVIG,6
BREVIK,6
BRIG,4
BRIM,4
BRIN,4
BRINK,5
BRINKS,6
BRISK,5
BRISKIN,7
BRISLIN,7
BRIT,4
BRITS,5
BROBST,6
BROD,4
BRODKIN,7
BRODT,5
BROK,4
BROM,4
BRONK,5
BROST,5
BROZ,4
BRUM,4
BRUN,4
BRUNK,5
BRUNKHORST,10
BRUNSWIG,8
BRUNT,5
BRUS,4
BRUST,5
BUB,3
BUD,3
BUDNIK,6
BUDZ,4
BUFKIN,6
BUG,3
BULB,4
BULK,4
BULT,4
BUM,3
BUMP,4
BUMPKIN,7
BUMPS,5
BUMPUS,6
BUN,3
BUND,4
BUNK,4
BUNKS,5
BUNT,4
BUNTIN,6
BUPKUS,6
BUS,3
BUSBIN,6
BUSK,4
BUST,4
BUSTIN,6
BUSTS,5
BUT,3
BUTS,4
DAB,3
DAD,3
DAFT,4
DAG,3
DAK,3
DAL,3
DALIS,5
DAM,3
DAMP,4
DAMPS,5
DAN,3
DANJUS,6
DANK,4
DANKS,5
DANSKIN,7
DANT,4
DANTIN,6
DANZ,4
DANZIG,6
DARIN,5
DAS,3
DASPIN,6
DASPIT,6
DAT,3
DATS,4
DATSUN,6
DATUM,5
DAVIN,5
DAVLIN,6
DAWIT,5
DEB,3
DEBIT,5
DEBOR,5
DEBUSK,6
DEFT,4
DEGRAND,7
DEL,3
DELFIN,6
DELFS,5
DELFT,5
DELK,4
DELP,4
DELTAK,6
DELVIN,6
DELWIN,6
DELWIP,6
DEMOV,5
DEMPS,5
DEN,3
DENIGRIS,8
DENIS,5
DENISTON,8
DENK,4
DENT,4
DENTIST,7
DENTISTS,8
DENTS,5
DENZ,4
DEP,3
DERIK,5
DES,3
DESK,4
DESKIN,6
DESKS,5
DESKTOP,7
DESKTOPS,8
DEST,4
DESTIN,6
DEV,3
DEVIN,5
DEVLIN,6
DEVOL,5
DID,3
DIF,3
DIFM,4
DIG,3
DILG,4
DILIP,5
DILKS,5
DILTS,5
DIM,3
DIN,3
DINK,4
DINT,4
DIP,3
DIPS,4
DIS,3
DISBAND,7
DISGUST,7
DISGUSTS,8
DISINFORM,9
DISK,4
DISKIN,6
DISKS,5
DISPEL,6
DISRUPT,7
DISRUPTS,8
DISTEND,7
DISTIL,6
DISTORT,7
DISTORTS,8
DISTRON,7
DISTRUST,8
DISTRUSTFUL,11
DISTRUSTS,9
DIVAD,5
DIVAN,5
DIVEST,6
DOB,3
DOBKIN,6
DOBRIN,6
DOG,3
DOL,3
DOM,3
DON,3
DONG,4
DONLIN,6
DORAL,5
DORAN,5
DORF,4
DORIN,5
DORIS,5
DORM,4
DORN,4
DORST,5
DORT,4
DORTMUND,8
DOS,3
DOST,4
DOT,3
DOTS,4
DOV,3
DRAB,4
DRABKIN,7
DRAFT,5
DRAFTS,6
DRAG,4
DRAM,4
DRANK,5
DRAPKIN,7
DRAVIS,6
DRED,4
DRIFT,5
DRIFTS,6
DRINK,5
DRINKS,6
DRIP,4
DRIPS,5
DROBKOV,7
DROP,4
DROPKIN,7
DROPS,5
DROST,5
DROZ,4
DROZD,5
DRUB,4
DRUG,4
DRUM,4
DRUNK,5
DRUNKS,6
DU,2
DUB,3
DUBLIN,6
DUBORD,6
DUD,3
DUDZIK,6
DUG,3
DUK,3
DUM,3
DUMOND,6
DUMP,4
DUMPS,5
DUN,3
DUNIGAN,7
DUNIVAN,7
DUNK,4
DUNKIN,6
DUNKLIN,7
DUNKS,5
DUNLAP,6
DUNLOP,6
DUNST,5
DUPLANTIS,9
DUSK,4
DUSKIN,6
DUST,4
DUSTBIN,7
DUSTIN,6
DUSTS,5
DUTIL,5
DWELT,5
DWORAK,6
DWORIN,6
DWORKIN,7
DZIK,4
EB,2
EBLIN,5
ED,2
EDIN,4
EDITS,5
EDLIN,5
EDLUND,6
EDMISTON,8
EDMUND,6
EDWIN,5
EGLIN,5
EK,2
EKBLAD,6
EKLUND,6
EL,2
ELBRUS,6
ELDIN,5
ELF,3
ELFIN,5
ELFRINK,7
ELG,3
ELK,3
ELKHORN,7
ELKIND,6
ELKS,4
ELM,3
ELVIN,5
ELVIS,5
ELWIN,5
EM,2
EMIG,4
EMPT,4
EMPTS,5
EN,2
END,3
ENGRAM,6
ENIS,4
ENRON,5
ENSLIN,6
ENT,3
ENTIN,5
ENTRIKIN,8
ENZ,3
ENZON,5
EPLIN,5
ERIK,4
ERIN,4
ES,2
ESPLIN,6
EST,3
ESTIS,5
ESTRIN,6
ESTRUS,6
ET,2
EV,2
EVIN,4
FAB,3
FABRIS,6
FAD,3
FAG,3
FALIN,5
FAN,3
FANT,4
FANTASTIK,9
FASIG,5
FAST,4
FASTS,5
FAT,3
FATS,4
FAZ,3
FED,3
FEL,3
FELD,4
FELDBLUM,8
FELDKAMP,8
FELIS,5
FELIZ,5
FELPS,5
FELT,4
FELTS,5
FELTUS,6
FEN,3
FEND,4
FENT,4
FER,3
FEST,4
FESTS,5
FESTUS,6
FEZ,3
FIDEL,5
FIG,3
FIL,3
FILIP,5
FILM,4
FILTROL,7
FIN,3
FINANZ,6
FINK,4
FINKS,5
FINLAND,7
FIS,3
FISK,4
FIST,4
FISTFUL,7
FISTS,5
FIT,3
FITAK,5
FITFUL,6
FITS,4
FLAB,4
FLAD,4
FLAG,4
FLAGMAN,7
FLAK,4
FLAM,4
FLAN,4
FLANK,5
FLANKS,6
FLAP,4
FLAPS,5
FLASK,5
FLASKS,6
FLAT,4
FLATLAND,8
FLATS,5
FLED,4
FLIM,4
FLIMFLAM,8
FLINK,5
FLINT,5
FLINTS,6
FLIP,4
FLIPS,5
FLIS,4
FLIT,4
FLOG,4
FLOM,4
FLOP,4
FLOPS,5
FLOR,4
FLOREZ,6
FLORIN,6
FLORIS,6
FLORIST,7
FLORISTS,8
FLUD,4
FLUNK,5
FLUNKS,6
FOB,3
FOG,3
FOGT,4
FOND,4
FONT,4
FONTS,5
FONZ,4
FOP,3
FOR,3
FORBIS,6
FORD,4
FORGET,6
FORGETFUL,9
FORGETS,7
FORGOT,6
FORIN,5
FORINT,6
FORINTS,7
FORK,4
FORKLIFT,8
FORKLIFTS,9
FORKS,5
FORM,4
FORMAN,6
FORMAT,6
FORMATS,7
FORSLUND,8
FORST,5
FORSWORN,8
FORT,4
FORTIN,6
FORTIS,6
FORTS,5
FORUM,5
FRADKIN,7
FRALIN,6
FRAM,4
FRAN,4
FRANK,5
FRANKLIN,8
FRANKS,6
FRANKUM,7
FRANZ,5
FRAP,4
FRED,4
FREDIN,6
FREDKIN,7
FREDLUND,8
FREL,4
FREMD,5
FREMIN,6
FRENZ,5
FRET,4
FRETFUL,7
FRETS,5
FRIL,4
FRINK,5
FRISK,5
FRISKIN,7
FRIST,5
FRITS,5
FROG,4
FROGMAN,7
FROND,5
FRONK,5
FROST,5
FROSTBAN,8
FROSTS,6
FRUM,4
FRUMKIN,7
FRUMP,5
FULK,4
FULKS,5
FUN,3
FUND,4
FUNGUS,6
FUNK,4
FUNKS,5
FUST,4
FUSTAT,6
FUSTOK,6
GAB,3
GAD,3
GAF,3
GAG,3
GAL,3
GALIK,5
GALIN,5
GALPIN,6
GALUDET,7
GALVIN,6
GAMBIT,6
GAMBLIN,7
GAMP,4
GAMUT,5
GAN,3
GANIM,5
GANIS,5
GANT,4
GANZ,4
GAP,3
GAPS,4
GARIS,5
GAS,3
GASKAMP,7
GASKIN,6
GASP,4
GASPS,5
GAST,4
GAT,3
GATLIN,6
GAVIN,5
GAZ,3
GAZDIK,6
GAZPROM,7
GDANSK,6
GED,3
GEDULD,6
GELVIN,6
GENIS,5
GET,3
GETS,4
GIB,3
GIFT,4
GIFTRUST,8
GIFTS,5
GIG,3
GIL,3
GILB,4
GILD,4
GILPIN,6
GILSDORF,8
GILT,4
GILTS,5
GILVIN,6
GIMLIN,6
GINDIN,6
GLAB,4
GLAD,4
GLADIS,6
GLADWIN,7
GLAND,5
GLANZ,5
GLAS,4
GLASNOST,8
GLAVIN,6
GLEMP,5
GLEN,4
GLIB,4
GLINT,5
GLOB,4
GLOD,4
GLOP,4
GLOR,4
GLUM,4
GLUNT,5
GLUNZ,5
GLUSKIN,7
GLUT,4
GLUTS,5
GOB,3
GOBLIN,6
GOD,3
GODDAM,6
GODKIN,6
GODWIN,6
GOLF,4
GOLFS,5
GOND,4
GORDIN,6
GORNIK,6
GORT,4
GORUM,5
GOSBANK,7
GOSDIN,6
GOSLIN,6
GOSPLAN,7
GOT,3
GRAB,4
GRAD,4
GRAF,4
GRAFT,5
GRAFTS,6
GRAM,4
GRAN,4
GRAND,5
GRANDAD,7
GRANDIN,7
GRANDIS,7
GRANDKID,8
GRANDON,7
GRANDSTAND,10
GRANLUND,8
GRANT,5
GRANTS,6
GRANUM,6
GRAS,4
GRASP,5
GRASPS,6
GRAVLIN,7
GREB,4
GREG,4
GREMBAN,7
GREN,4
GRENZ,5
GRID,4
GRIM,4
GRIN,4
GRIP,4
GRIPS,5
GRIST,5
GRIT,4
GRITS,5
GRIZ,4
GROB,4
GROFT,5
GROG,4
GROM,4
GRONDIN,7
GRONLUND,8
GROSKOPF,8
GRUB,4
GRUM,4
GRUMP,5
GRUN,4
GRUND,5
GRUNDIG,7
GRUNT,5
GRUNTS,6
GUL,3
GULDIN,6
GULF,4
GULFPORT,8
GULFS,5
GULP,4
GULPS,5
GUM,3
GUMP,4
GUMPORT,7
GUMZ,4
GUN,3
GUNDOG,6
GUNDRUM,7
GUNFLINT,8
GUNST,5
GUS,3
GUST,4
GUSTIN,6
GUSTS,5
GUSTUS,6
GUT,3
GUTS,4
GWEN,4
GWIN,4
GWOZDZ,6
HABIG,5
HAD,3
HADRON,6
HADWIN,6
HAFT,4
HAFTS,5
HAG,3
HAGIN,5
HAGLUND,7
HAL,3
HALBIG,6
HALIK,5
HALPIN,6
HALPRIN,7
HAM,3
HAMBLIN,7
HAMDUN,6
HAMLIN,6
HAMP,4
HAN,3
HAND,4
HANDBAG,7
HANDGUN,7
HANDHELD,8
HANDLIN,7
HANDSTAND,9
HANF,4
HANFT,5
HANGUP,6
HANGUPS,7
HANIFIN,7
HANJIN,6
HANK,4
HANKIN,6
HANKS,5
HANLIN,6
HANZLIK,7
HAP,3
HARIG,5
HASKIN,6
HAST,4
HAT,3
HATON,5
HATS,4
HAVIS,5
HAVLIK,6
HAVLIN,6
HEBRON,6
HEDIN,5
HEDLUND,7
HEDWIG,6
HEFLIN,6
HEFT,4
HEGLUND,7
HEHIR,5
HEJL,4
HELBIG,6
HELD,4
HELF,4
HELIN,5
HELM,4
HELMIG,6
HELMKAMP,8
HELMONT,7
HELMUT,6
HELP,4
HELPFUL,7
HELPRIN,7
HELPS,5
HELT,4
HELWIG,6
HEM,3
HEMP,4
HEN,3
HENDRIK,7
HENDRIKS,8
HENGST,6
HENIN,5
HENK,4
HENKIN,6
HENRIK,6
HEP,3
HERIN,5
HESIK,5
HID,3
HIJINKS,7
HILB,4
HILBUN,6
HILD,4
HILDUM,6
HILT,4
HILTS,5
HIM,3
HIMSELF,7
HINK,4
HINT,4
HINTS,5
HINZ,4
HIP,3
HIPS,4
HIPSKIND,8
HIT,3
HITMAN,6
HITS,4
HLAD,4
HLADIK,6
HNAT,4
HOB,3
HOBLIT,6
HOBNOB,6
HOF,3
HOFSTAD,7
HOG,3
HOGLUND,7
HOK,3
HOLIHAN,7
HOM,3
HON,3
HONIG,5
HONK,4
HONKS,5
HOP,3
HOPF,4
HOPKIN,6
HOPS,4
HORD,4
HORMATS,7
HORMEL,6
HORN,4
HORNIG,6
HORNIK,6
HORST,5
HORUS,5
HOSKIN,6
HOT,3
HOTDOG,6
HOTPOT,6
HOTS,4
HOTSPOT,7
HREN,4
HRON,4
HUB,3
HUD,3
HUDNUT,6
HUDZIK,6
HUG,3
HULK,4
HULKS,5
HULST,5
HULT,4
HULTS,5
HUM,3
HUMBUG,6
HUMDRUM,7
HUMP,4
HUN,3
HUND,4
HUNK,4
HUNKS,5
HUNT,4
HUNTS,5
HUSK,4
HUSKS,5
HUST,4
HUT,3
HUTS,4
IB,2
ID,2
IF,2
IFS,3
IGOR,4
IL,2
ILG,3
ILJIN,5
ILK,3
IM,2
IMBED,5
IMIG,4
IMP,3
IMPEL,5
IMPEND,6
IMPLANT,7
IMPLANTS,8
IMPORT,6
IMPORTS,7
IMPRINT,7
IMPRINTS,8
IMPROV,6
IMREG,5
IN,2
INBORN,6
INDENT,6
INDUS,5
INEPT,5
INES,4
INEZ,4
INFEST,6
INFESTS,7
INFINITUM,9
INFORM,6
INGLIS,6
INGRID,6
INGRUM,6
INHABITS,8
INK,3
INKBLOT,7
INKS,4
INLAND,6
INMONT,6
INSIST,6
INSISTS,7
INSKIP,6
INSULT,6
INSULTS,7
INTEL,5
INTELSAT,8
INTEND,6
INTENT,6
INTENTS,7
INTIS,5
INVENT,6
INVENTS,7
INVEST,6
INVESTS,7
INVITRON,8
IP,2
IRIT,4
ISTAT,5
IT,2
ITKIN,5
ITS,3
ITSELF,6
JAB,3
JADWIN,6
JAM,3
JAN,3
JANIS,5
JANK,4
JANVRIN,7
JANZ,4
JAP,3
JAPS,4
JAS,3
JAVITS,6
JAZMIN,6
JEB,3
JED,3
JELKS,5
JEM,3
JEN,3
JENIN,5
JENKIN,6
JENKS,5
JENT,4
JEST,4
JESTS,5
JESUP,5
JET,3
JETS,4
JFET,4
JIB,3
JIF,3
JIG,3
JIL,3
JILT,4
JIM,3
JIN,3
JINKS,5
JIRAK,5
JIRIK,5
JIRON,5
JOB,3
JOBST,5
JOG,3
JON,3
JOPLIN,6
JOSLIN,6
JOSPIN,6
JOST,4
JOT,3
JUG,3
JUMP,4
JUMPS,5
JUN,3
JUNGIN,6
JUNK,4
JUNKBOND,8
JUNKIN,6
JUS,3
JUST,4
JUSTIN,6
JUSTUS,6
JUT,3
JUTS,4
KAL,3
KALB,4
KALIN,5
KALIS,5
KALOK,5
KALP,4
KAM,3
KAMIN,5
KAMP,4
KAMPF,5
KAMPS,5
KAN,3
KANIS,5
KANT,4
KANZ,4
KAPLIN,6
KAPS,4
KASDORF,7
KAST,4
KAT,3
KATS,4
KAZIS,5
KE,2
KEG,3
KEKST,5
KELM,4
KELP,4
KELPS,5
KELVIN,6
KEM,3
KEMP,4
KEMPF,5
KEMPLIN,7
KEN,3
KENAF,5
KENDIG,6
KENISTON,8
KENT,4
KEPT,4
KERIN,5
KEVIN,5
KEVLIN,6
KID,3
KIDNAP,6
KIDNAPS,7
KIKWIT,6
KILGUS,6
KILN,4
KILT,4
KILTS,5
KIM,3
KIN,3
KINDIG,6
KINKS,5
KINST,5
KINT,4
KIP,3
KIPNIS,6
KIR,3
KIRGIZ,6
KIRIN,5
KIRKUM,6
KIROV,5
KIS,3
KIST,4
KIT,3
KITIMAT,7
KITS,4
KLADSTRUP,9
KLAN,4
KLAS,4
KLEM,4
KLEMP,5
KLEMZ,5
KLENK,5
KLIM,4
KLINGON,7
KLINK,5
KLINT,5
KLOM,4
KLOMP,5
KLOPF,5
KLOS,4
KLUDT,5
KLUG,4
KLUMP,5
KLUNK,5
KLUS,4
KNIN,4
KNUST,5
KNUT,4
KNUTS,5
KOBRIN,6
KOGLIN,6
KOK,3
KOMBAT,6
KOMP,4
KON,3
KONG,4
KONIG,5
KONKOL,6
KONZ,4
KOPF,4
KOPIT,5
KOPLIN,6
KOPS,4
KORB,4
KORF,4
KORN,4
KORNBLUM,8
KOROL,5
KORT,4
KORTUM,6
KOS,3
KOST,4
KOT,3
KOZLIK,6
KRAFT,5
KRAGT,5
KRAL,4
KRAM,4
KRAMP,5
KRANZ,5
KRAPF,5
KRAS,4
KRAT,4
KRAVIS,6
KREFT,5
KREG,4
KREMLIN,7
KREN,4
KRENIK,6
KRENZ,5
KREPS,5
KRIM,4
KRIS,4
KRIST,5
KRISTIN,7
KRIZ,4
KROB,4
KROFT,5
KROG,4
KROK,4
KROL,4
KROM,4
KRON,4
KRONK,5
KROPF,5
KROTKOV,7
KRUG,4
KRUK,4
KRUL,4
KRUM,4
KRUS,4
KUK,3
KULP,4
KUMP,4
KUMPF,5
KUN,3
KUNST,5
KUNZ,4
KUS,3
KUT,3
KVAM,4
KVETON,6
KVISTAD,7
KWAK,4
KWIK,4
KWOK,4
KWON,4
LAB,3
LAD,3
LADWIG,6
LAFLIN,6
LAG,3
LAK,3
LAKIN,5
LAL,3
LALOR,5
LAM,3
LAMKIN,6
LAMP,4
LAMPF,5
LAMPKIN,7
LAMPORT,7
LAMPS,5
LAN,3
LAND,4
LANDBANK,8
LANDFORM,8
LANDIN,6
LANDIS,6
LANDLORD,8
LANDRUM,7
LANDRUS,7
LANDSAT,7
LANK,4
LANT,4
LANTRIP,7
LANUM,5
LANVIN,6
LANZ,4
LAP,3
LAPDOG,6
LAPIN,5
LAPLAND,7
LAPS,4
LAPTOP,6
LAPTOPS,7
LASK,4
LASKIN,6
LAST,4
LASTS,5
LAT,3
LATS,4
LAVIN,5
LAVIS,5
LEBRUN,6
LED,3
LEDIN,5
LEFRAK,6
LEFT,4
LEFTIST,7
LEFTISTS,8
LEG,3
LEGHORN,7
LEGRAND,7
LEK,3
LEM,3
LEMP,4
LEN,3
LEND,4
LENIG,5
LENIHAN,7
LENIN,5
LENINGRAD,9
LENINIST,8
LENK,4
LENT,4
LENTS,5
LENZ,4
LEP,3
LEPTIN,6
LERUM,5
LES,3
LEST,4
LESTAT,6
LET,3
LETS,4
LETUP,5
LEV,3
LEVIN,5
LEVIS,5
LEVIT,5
LIB,3
LID,3
LIFSON,6
LIFT,4
LIFTIN,6
LIFTS,5
LIGNIN,6
LIKUD,5
LIL,3
LILT,4
LIM,3
LIMITS,6
LIMP,4
LIMPS,5
LIN,3
LIND,4
LINDHORST,9
LINDIG,6
LINGUS,6
LINK,4
LINKS,5
LINKUP,6
LINKUPS,7
LINT,4
LINZ,4
LIP,3
LIPKIN,6
LIPKIND,7
LIPS,4
LIPSIG,6
LIS,3
LISK,4
LISP,4
LIST,4
LISTS,5
LIT,3
LITMUS,6
LITS,4
LITVIN,6
LITWIN,6
LIV,3
LIVID,5
LIVOR,5
LIZ,3
LOB,3
LOFLIN,6
LOFT,4
LOFTIN,6
LOFTIS,6
LOFTS,5
LOFTUS,6
LOG,3
LOGJAM,6
LOK,3
LOL,3
LON,3
LOP,3
LOR,3
LORAN,5
LORD,4
LORIN,5
LORIS,5
LOS,3
LOST,4
LOT,3
LOTS,4
LUBLIN,6
LUDLUM,6
LUDVIK,6
LUDWIG,6
LUDWIN,6
LUFKIN,6
LUFT,4
LUFTIG,6
LUFTKIN,7
LUG,3
LUK,3
LUKS,4
LUM,3
LUMP,4
LUMPKIN,7
LUMPS,5
LUN,3
LUND,4
LUNDBORG,8
LUNDIN,6
LUNT,4
LUNZ,4
LUSK,4
LUSKIN,6
LUST,4
LUSTFUL,7
LUSTIG,6
LUZ,3
LWIN,4
MAB,3
MABIN,5
MABIS,5
MAD,3
MADLIN,6
MADMAN,6
MADRIL,6
MAG,3
MAGNIN,6
MAGNUM,6
MAGNUS,6
MAGTEN,6
MAHIN,5
MAJ,3
MAJIK,5
MAK,3
MAKIN,5
MAKRIS,6
MAL,3
MALIK,5
MALIN,5
MALINAK,7
MALKIN,6
MALVIN,6
MAMIS,5
MAN,3
MANGIN,6
MANGRUM,7
MANGUM,6
MANHUNT,7
MANIGAT,7
MANIK,5
MANIS,5
MANK,4
MANKIN,6
MANTIS,6
MANVIL,6
MANZ,4
MAP,3
MAPS,4
MARIK,5
MARILIN,7
MASK,4
MASKS,5
MAST,4
MASTIN,6
MASTS,5
MAT,3
MATKIN,6
MATLIN,6
MATS,4
MATULIS,7
MED,3
MEDIGAP,7
MEDITRUST,9
MEDLIN,6
MEDWIN,6
MEG,3
MEL,3
MELD,4
MELDRUM,7
MELIN,5
MELNIK,6
MELROD,6
MELT,4
MELTS,5
MELUGIN,7
MELVIN,6
MEMNON,6
MEN,3
MEND,4
MENK,4
MENSIK,6
MENTINK,7
MENTOR,6
MENZ,4
MER,3
MERIDOR,7
MERITS,6
MEST,4
MET,3
METIS,5
METS,4
MEZ,3
MIB,3
MID,3
MIDLAND,7
MIDRIB,6
MIDST,5
MIDWEST,7
MIFSUD,6
MIG,3
MIGLIN,6
MIKOL,5
MIKRUT,6
MIL,3
MILBANK,7
MILGRAM,7
MILK,4
MILKMAN,7
MILKS,5
MILSAP,6
MILT,4
MILUM,5
MILZ,4
MIM,3
MIN,3
MINDLIN,7
MINGUN,6
MINIHAN,7
MINIT,5
MINK,4
MINKIN,6
MINKS,5
MINOT,5
MINSK,5
MINT,4
MINTS,5
MIPS,4
MIR,3
MIRAK,5
MIRON,5
MIRSAD,6
MIS,3
MISFIT,6
MISFITS,7
MISHAP,6
MISHAPS,7
MISINFORM,9
MISLED,6
MISPRINT,8
MISPRINTS,9
MISSPEND,8
MISSPENT,8
MISSTEP,7
MISSTEPS,8
MIST,4
MISTRUST,8
MISTRUSTFUL,11
MISTRUSTS,9
MISTS,5
MIT,3
MOB,3
MOD,3
MODLIN,6
MOF,3
MOK,3
MOL,3
MOLPUS,6
MOM,3
MON,3
MONIZ,5
MONSOD,6
MONT,4
MONTEL,6
MONTGORIS,9
MONTS,5
MOP,3
MOPS,4
MOR,3
MORAN,5
MORD,4
MORDOR,6
MORFIN,6
MORGUN,6
MORIN,5
MORIS,5
MORK,4
MORN,4
MORON,5
MORT,4
MORTIS,6
MOS,3
MOSK,4
MOTS,4
MRAZ,4
MROZ,4
MRUK,4
MUD,3
MUG,3
MUKLUK,6
MUM,3
MUMPS,5
MUN,3
MUND,4
MUNDIS,6
MUNDORF,7
MUNGIN,6
MUNK,4
MUNT,4
MUNZ,4
MUSK,4
MUSKOPF,7
MUSKRAT,7
MUST,4
MUSTIN,6
NAB,3
NABLUS,6
NABOB,5
NAD,3
NAG,3
NAHUM,5
NAM,3
NAMIS,5
NAN,3
NAP,3
NAPKIN,6
NAPS,4
NASLUND,7
NAST,4
NAT,3
NATS,4
NATWEST,7
NAV,3
NAVLAB,6
NED,3
NEFT,4
NEG,3
NEGRIN,6
NEL,3
NES,3
NESBIT,6
NEST,4
NESTS,5
NET,3
NETS,4
NEVIN,5
NEVIS,5
NEZ,3
NIB,3
NIGRIS,6
NIHON,5
NIK,3
NIL,3
NIMBUS,6
NIMROD,6
NIP,3
NIPON,5
NIPS,4
NIR,3
NIST,4
NIT,3
NIZNIK,6
NOBLIN,6
NOD,3
NOM,3
NON,3
NONBANK,7
NONFAT,6
NONJET,6
NONJETS,7
NONPROFITS,10
NONSTOP,7
NONSTOPS,8
NOR,3
NORD,4
NORDIN,6
NORDISK,7
NORDLUND,8
NORILSK,7
NORK,4
NORLIN,6
NORM,4
NORPLANT,8
NORSK,5
NORVIN,6
NORWEST,7
NORWIN,6
NOSTRIL,7
NOT,3
NOTS,4
NUB,3
NUN,3
NUT,3
NUTS,4
OBLAST,6
OBST,4
OFT,3
OG,2
OLUND,5
OMNIBANK,8
ON,2
OP,2
OPS,3
OPT,3
OPTIMIST,8
OPTIMISTS,9
OPTIMUM,7
OPTIMUS,7
OPTS,4
OPTUS,5
OR,2
ORB,3
ORBIN,5
ORBIS,5
ORD,3
ORF,3
ORG,3
ORIN,4
ORKIN,5
ORKS,4
ORLOV,5
ORMISTON,8
ORN,3
ORT,3
ORTEZ,5
ORTIS,5
ORTWIN,6
ORUM,4
ORVIN,5
ORVIS,5
ORWIG,5
OS,2
OSBUN,5
OSLIN,5
OSLUND,6
OSMUND,6
OSTLUND,7
OSTRUM,6
OT,2
OZ,2
OZBUN,5
OZMUN,5
PABLUM,6
PABST,5
PAD,3
PAK,3
PAKISTAN,8
PAL,3
PALIN,5
PAM,3
PAMPLIN,7
PAN,3
PANAM,5
PANAMSAT,8
PANFIL,6
PANFUL,6
PANIK,5
PANOZ,5
PANT,4
PANTS,5
PAP,3
PAPON,5
PARIS,5
PASK,4
PASOK,5
PAST,4
PASTEL,6
PASTS,5
PAT,3
PATIN,5
PATS,4
PAVLIK,6
PAVLIS,6
PAVLOV,6
PEG,3
PEGRAM,6
PEKRUL,6
PELIKAN,7
PELT,4
PELTS,5
PELZ,4
PEN,3
PENDRIL,7
PENFIL,6
PENISTON,8
PENRIL,6
PENROD,6
PENT,4
PENTRUST,8
PEP,3
PEPIN,5
PERIDOT,7
PESKIN,6
PEST,4
PESTS,5
PET,3
PETRIK,6
PETRIN,6
PETRUS,6
PETS,4
PEZ,3
PIG,3
PIGSKIN,7
PIK,3
PIKUL,5
PIL,3
PILGRIM,7
PILNAK,6
PILZ,4
PIMP,4
PIMPS,5
PIN,3
PINK,4
PINKS,5
PINKUS,6
PINZON,6
PIP,3
PIPKIN,6
PIPS,4
PIT,3
PITKIN,6
PITS,4
PITSWON,7
PLAM,4
PLAN,4
PLANK,5
PLANKS,6
PLANT,5
PLANTS,6
PLAS,4
PLATFORM,8
PLED,4
PLENTIFUL,9
PLENUM,6
PLINK,5
PLOD,4
PLOG,4
PLOP,4
PLOT,4
PLOTKIN,7
PLOTS,5
PLUG,4
PLUM,4
PLUMP,5
PLUNK,5
PLUS,4
POBST,5
POD,3
POG,3
POL,3
POLSKIN,7
POM,3
POMP,4
POMPLUN,7
POMPOM,6
POMPON,6
PON,3
POND,4
PONT,4
PONTS,5
POP,3
POPKIN,6
POPLIN,6
POPS,4
POR,3
PORK,4
PORN,4
PORT,4
PORTEND,7
PORTIS,6
PORTS,5
POS,3
POT,3
POTS,4
POTSDAM,7
POTVIN,6
POZNIKOV,8
PRAB,4
PRAN,4
PRANK,5
PRANKS,6
PRATS,5
PREM,4
PREP,4
PREST,5
PRET,4
PRIG,4
PRIM,4
PRIMP,5
PRINT,5
PRINTS,6
PRINTUP,7
PRINZ,5
PRIS,4
PRISK,5
PROB,4
PROBST,6
PROD,4
PROFIT,6
PROFITS,7
PROFS,5
PROM,4
PROMPT,6
PROMPTS,7
PROP,4
PROPFAN,7
PROPS,5
PROPST,6
PROST,5
PRUS,4
PRUST,5
PUB,3
PUG,3
PULP,4
PUMP,4
PUMPKIN,7
PUMPS,5
PUN,3
PUNDITS,7
PUNIT,5
PUNJAB,6
PUNK,4
PUNKIN,6
PUNKS,5
PUNT,4
PUNTS,5
PUP,3
PUPS,4
PUS,3
RAB,3
RABID,5
RABKIN,6
RABUN,5
RAD,3
RADIN,5
RADMUND,7
RADZIK,6
RAF,3
RAFIK,5
RAFT,4
RAFTS,5
RAG,3
RAGLIN,6
RAGTAG,6
RAGTOP,6
RAK,3
RAM,3
RAMAT,5
RAMBIN,6
RAMP,4
RAMPS,5
RAMROD,6
RAN,3
RAND,4
RANFT,5
RANK,4
RANKIN,6
RANKS,5
RANT,4
RANUM,5
RANZ,4
RAP,3
RAPID,5
RAPKIN,6
RAPS,4
RAPT,4
RAS,3
RASK,4
RASKIN,6
RASP,4
RASPS,5
RAST,4
RASTUS,6
RAT,3
RATS,4
RAVIN,5
RAZ,3
RED,3
REDBUD,6
REDLIN,6
REDMAN,6
REDMUND,7
REDSKIN,7
REF,3
REG,3
RELF,4
RELIFORD,8
REM,3
REN,3
RENK,4
RENT,4
RENTS,5
RENZ,4
REP,3
REPS,4
REPSOL,6
RESNIK,6
REST,4
RESTFUL,7
RESTS,5
RET,3
RETIN,5
RETINOL,7
RETLIN,6
REV,3
REVIS,5
REVLON,6
REVZIN,6
REZNIK,6
RIB,3
RIBAVIRIN,9
RID,3
RIFKIN,6
RIFKIND,7
RIFT,4
RIFTS,5
RIG,3
RIKLIS,6
RIKSBANK,8
RIKSDAG,7
RIM,3
RIMKUS,6
RINK,4
RINKS,5
RINTEL,6
RIP,3
RIPKIN,6
RIPS,4
RISK,4
RISKIN,6
RISKS,5
RIST,4
RIVKIN,6
RIVKIND,7
RIVLIN,6
RIZ,3
RIZK,4
ROB,3
ROBIN,5
ROBLIN,6
ROD,3
RODMUND,7
ROG,3
ROM,3
ROMP,4
RON,3
RONK,4
ROPS,4
RORK,4
ROS,3
ROSLIN,6
ROST,4
ROSTOV,6
ROSTRUM,7
ROT,3
ROTBLAT,7
ROTS,4
ROZ,3
RUB,3
RUD,3
RUDKIN,6
RUDNIK,6
RUF,3
RUG,3
RUM,3
RUMP,4
RUMPF,5
RUN,3
RUND,4
RUNK,4
RUNUP,5
RUNUPS,6
RUS,3
RUSK,4
RUSKIN,6
RUST,4
RUSTIN,6
RUSTS,5
RUT,3
RUTS,4
SAD,3
SAFRIT,6
SAG,3
SAJAK,5
SAK,3
SAKS,4
SAL,3
SALIM,5
SALKIN,6
SALMEN,6
SAM,3
SAMP,4
SAMPAN,6
SAN,3
SANBORN,7
SAND,4
SANDBAG,7
SANDBLAST,9
SANDHOG,7
SANDIN,6
SANDLIN,7
SANDMAN,7
SANDON,6
SANDSTORM,9
SANDVIG,7
SANDVIK,7
SANI,4
SANK,4
SANKS,5
SANSKRIT,8
SANT,4
SANTIN,6
SANTORUM,8
SANZ,4
SAP,3
SAPS,4
SARUM,5
SAS,3
SAT,3
SAVIN,5
SEDUM,5
SEL,3
SELDIN,6
SELF,4
SELFS,5
SELIG,5
SELIN,5
SELJUK,6
SELK,4
SELKIN,6
SELVIG,6
SELWIN,6
SELZ,4
SEN,3
SEND,4
SENDAK,6
SENF,4
SENFT,5
SENK,4
SENT,4
SEP,3
SEPIK,5
SEPSIS,6
SEPT,4
SERFIN,6
SET,3
SETS,4
SETUP,5
SETUPS,6
SEVIN,5
SIB,3
SID,3
SIDAK,5
SIFT,4
SIFTS,5
SIG,3
SIGLIN,6
SIGMUND,7
SIGRID,6
SIGRIST,7
SIL,3
SILK,4
SILKS,5
SILT,4
SILVIS,6
SIM,3
SIMKIN,6
SIMPLOT,7
SIN,3
SINBAD,6
SIND,4
SINFUL,6
SINK,4
SINKS,5
SIP,3
SIPS,4
SIRHAN,6
SIRIS,5
SIS,3
SISK,4
SISKIN,6
SISKIND,7
SISTRUNK,8
SIT,3
SITS,4
SKID,4
SKIM,4
SKIMP,5
SKIN,4
SKINFLINT,9
SKINKS,6
SKIP,4
SKIPS,5
SKIT,4
SKITS,5
SKOG,4
SKOGLUND,8
SKOK,4
SKOP,4
SKOV,4
SKRAMSTAD,9
SKULK,5
SKULKS,6
SKUNK,5
SKUNKS,6
SLAB,4
SLAG,4
SLAM,4
SLANT,5
SLAP,4
SLAPS,5
SLAT,4
SLATKIN,7
SLATS,5
SLAVIN,6
SLED,4
SLEDZ,5
SLEMP,5
SLEPT,5
SLEVIN,6
SLID,4
SLIM,4
SLIMP,5
SLIP,4
SLIPS,5
SLIT,4
SLITS,5
SLOB,4
SLOG,4
SLOP,4
SLOT,4
SLOTS,5
SLUG,4
SLUM,4
SLUMP,5
SLUMPS,6
SLUT,4
SLUTS,5
SMELT,5
SMET,4
SMID,4
SMIDT,5
SMINK,5
SMIT,4
SMITS,5
SMOG,4
SMUG,4
SMUT,4
SNAFUS,6
SNAG,4
SNAP,4
SNAPS,5
SNIP,4
SNIPS,5
SNOB,4
SNORT,5
SNORTS,6
SNOT,4
SNUB,4
SNUG,4
SOB,3
SOD,3
SOFT,4
SOFTBANK,8
SOFTDRINK,9
SOK,3
SOL,3
SOM,3
SONTAG,6
SONUM,5
SOP,3
SOPS,4
SOR,3
SORBUS,6
SORG,4
SORIN,5
SORKIN,6
SORT,4
SORTS,5
SORUM,5
SORUS,5
SOSKIN,6
SOT,3
SPAK,4
SPAM,4
SPAN,4
SPANK,5
SPAT,4
SPATS,5
SPAZ,4
SPED,4
SPEND,5
SPENS,5
SPENT,5
SPETSNAZ,8
SPILT,5
SPIN,4
SPINK,5
SPINKS,6
SPIRIT,6
SPIRITS,7
SPIT,4
SPITS,5
SPLAT,5
SPLENDID,8
SPLINT,6
SPLINTS,7
SPLIT,5
SPLITS,6
SPORKIN,7
SPORN,5
SPORT,5
SPORTS,6
SPOT,4
SPOTS,5
SPRADLIN,8
SPRATLIN,8
SPRINT,6
SPRINTS,7
SPUD,4
SPUN,4
SPUNK,5
SPUTNIK,7
SPUTNIKS,8
SRAM,4
STAB,4
STADNIK,7
STADT,5
STAG,4
STALINGRAD,10
STALINISTS,10
STAM,4
STAMP,5
STAMPS,6
STAN,4
STAND,5
STANDUP,7
STANIS,6
STANK,5
STANKUS,7
STANT,5
STAPF,5
STARIN,6
STAT,4
STATS,5
STATUM,6
STATUS,6
STEM,4
STEN,4
STENDIG,7
STENSRUD,8
STENT,5
STENZ,5
STEP,4
STEPS,5
STET,4
STIG,4
STIL,4
STILT,5
STILTS,6
STINEL,6
STINK,5
STINKBUG,8
STINKS,6
STINT,5
STINTS,6
STOMP,5
STOP,4
STOPGAP,7
STOPS,5
STORK,5
STORM,5
STORTS,6
STORZ,5
STRAM,5
STRAND,6
STRAP,5
STRAPS,6
STRATUM,7
STRATUS,7
STREB,5
STREP,5
STREPS,6
STREVIG,7
STRIP,5
STRIPLIN,8
STRIPS,6
STROM,5
STRUB,5
STRUM,5
STRUNK,6
STRUT,5
STRUTS,6
STUB,4
STUD,4
STUDT,5
STULTS,6
STUM,4
STUMP,5
STUMPF,6
STUMPS,6
STUN,4
STUNK,5
STUNT,5
STUNTS,6
SUB,3
SUBMINIMUM,10
SUBMIT,6
SUBMITS,7
SUBPLOT,7
SUBPLOTS,8
SUBSIST,7
SUK,3
SUL,3
SULK,4
SULT,4
SUM,3
SUMLIN,6
SUMP,4
SUN,3
SUND,4
SUNDLUN,7
SUNDSTRAND,10
SUNK,4
SUNKIST,7
SUNLAND,7
SUNLIT,6
SUNSPOT,7
SUNSPOTS,8
SUNTAN,6
SUNTRUST,8
SUNUP,5
SUP,3
SUS,3
SUSKIND,7
SUSPEND,7
SUTFIN,6
SVEN,4
SVENSK,6
SVETLIK,7
SWAM,4
SWANK,5
SWED,4
SWEDLUND,8
SWEM,4
SWEPT,5
SWIFT,5
SWIFTS,6
SWIG,4
SWIM,4
SWINK,5
SWINT,5
SWORN,5
SWUM,4
TAB,3
TABAK,5
TAD,3
TAFT,4
TAG,3
TAK,3
TALIBAN,7
TALMOR,6
TALMUD,6
TAM,3
TAMIL,5
TAMP,4
TAMPLIN,7
TAMPON,6
TAMPS,5
TAMRAZ,6
TAN,3
TANIS,5
TANJUG,6
TANK,4
TANKS,5
TANT,4
TANTRUM,7
TAP,3
TAPLIN,6
TAPS,4
TASK,4
TASKS,5
TAT,3
TAVIST,6
TAVLIN,6
TED,3
TEDMUND,7
TEJON,5
TEK,3
TEL,3
TELIT,5
TEMKIN,6
TEMP,4
TEMPLIN,7
TEMPS,5
TEMPT,5
TEMPTS,6
TEN,3
TENBRINK,8
TEND,4
TENGIZ,6
TENT,4
TENTS,5
TEPID,5
TESLIK,6
TEST,4
TESTS,5
TET,3
TEVIS,5
TEVLIN,6
TIDBIT,6
TIDBITS,7
TIFT,4
TIG,3
TIL,3
TILT,4
TILTS,5
TIM,3
TIMBLIN,7
TIMID,5
TIMLIN,6
TIN,3
TINMAN,6
TINT,4
TINTIN,6
TINTS,5
TIP,3
TIPS,4
TIT,3
TITS,4
TOD,3
TODT,4
TOFT,4
TOL,3
TOM,3
TOMBLIN,7
TOMKIN,6
TOMLIN,6
TONK,4
TONKIN,6
TONKS,5
TONSIL,6
TOP,3
TOPS,4
TOR,3
TORMENT,7
TORN,4
TORP,4
TORT,4
TORTS,5
TOT,3
TOTS,4
TRAK,4
TRAM,4
TRAMP,5
TRAN,4
TRANSFORM,9
TRANSPLANT,10
TRANSPLANTS,11
TRANSPORT,9
TRANSPORTS,10
TRANT,5
TRANUM,6
TRAP,4
TRAPS,5
TRASK,5
TRAVIS,6
TRAVNIK,7
TREFZ,5
TREK,4
TREKS,5
TREND,5
TRENKAMP,8
TRENT,5
TREST,5
TRIB,4
TRIG,4
TRIM,4
TRINIDAD,8
TRIP,4
TRIPS,5
TRISTAN,7
TROD,4
TROMP,5
TRON,4
TROST,5
TROT,4
TROTS,5
TRUMP,5
TRUMPS,6
TRUNK,5
TRUNKS,6
TRUS,4
TRUST,5
TRUSTS,6
TUB,3
TUFT,4
TUFTS,5
TUG,3
TUKS,4
TUMBLIN,7
TUMLIN,6
TUNKS,5
TUSK,4
TUSKS,5
TUSTIN,6
TUT,3
TVEDT,5
TWEDT,5
TWIG,4
TWIN,4
TWIST,5
TWISTS,6
UL,2
ULF,3
ULM,3
ULMUS,5
UM,2
UN,2
UNBEND,6
UNBORN,6
UND,3
UNDID,5
UNFIT,5
UNHELPFUL,9
UNJUST,6
UNKEMPT,7
UNMASK,6
UNMET,5
UNPLUG,6
UNREST,6
UNSET,5
UNSPENT,7
UNTED,5
UNTIL,5
UNWED,5
UNZ,3
UNZIP,5
UP,2
UPDRAFT,7
UPDRAFTS,8
UPHELD,6
UPLIFT,6
UPON,4
UPS,3
UPSET,5
UPSETS,6
US,2
VAKUF,5
VAL,3
VALDEZ,6
VALDIS,6
VALID,5
VALIN,5
VALIS,5
VAMP,4
VAN,3
VANBRUNT,8
VANDAM,6
VANDORN,7
VANDUNK,7
VANEK,5
VANHORN,7
VANORNUM,8
VANPELT,7
VANTOL,6
VANTRAN,7
VANVORST,8
VAPID,5
VASLOV,6
VAST,4
VAT,3
VATS,4
VAZ,3
VELIZ,5
VENT,4
VENTS,5
VERIT,5
VEST,4
VESTS,5
VET,3
VETS,4
VIG,3
VIGLUND,7
VIK,3
VIM,3
VIN,3
VINIK,5
VINK,4
VINT,4
VIPIN,5
VIPONT,6
VIRIDIS,7
VIS,3
VIST,4
VIV,3
VIVID,5
VLAD,4
VLADIVOSTOK,11
VLOK,4
VON,3
VONK,4
VORIS,5
VORONTSOV,9
VOS,3
WAG,3
WALP,4
WEB,3
WED,3
WEDIG,5
WEDIN,5
WEHUNT,6
WELBILT,7
WELD,4
WELDIN,6
WELK,4
WELP,4
WELT,4
WELZ,4
WEN,3
WEND,4
WENDORF,7
WENFAN,6
WENIG,5
WENK,4
WENT,4
WENZ,4
WEPT,4
WES,3
WESAT,5
WESP,4
WEST,4
WESTIN,6
WESTLUND,8
WESTMIN,7
WESTPORT,8
WESTRUM,7
WESTRUP,7
WET,3
WETLAND,7
WIDRIG,6
WIG,3
WIK,3
WIKLUND,7
WIL,3
WILFRID,7
WILGUS,6
WILK,4
WILKIN,6
WILKIS,6
WILKS,5
WILMUT,6
WILPON,6
WILT,4
WILTS,5
WIMP,4
WIMPS,5
WIN,3
WIND,4
WINDHORST,9
WINDSTORM,9
WINFRID,7
WINIK,5
WINK,4
WINKS,5
WINT,4
WIPF,4
WIS,3
WISP,4
WIST,4
WISTFUL,7
WIT,3
WITKIN,6
WITS,4
WITZIG,6
WIZ,3
WNEK,4
WNUK,4
WOBST,5
WOK,3
WOKS,4
WOMBAT,6
WOMBATS,7
WON,3
WOND,4
WONK,4
WONKS,5
WOP,3
WOPS,4
WOR,3
WORN,4
WORTHOG,7
ZAFTIG,6
ZAG,3
ZAK,3
ZAMFIR,6
ZAN,3
ZAND,4
ZANK,4
ZANT,4
ZAP,3
ZAPF,4
ZAPS,4
ZBIG,4
ZED,3
ZEGLIN,6
ZEL,3
ZELDIN,6
ZELVIN,6
ZEN,3
ZENK,4
ZENT,4
ZENZ,4
ZEST,4
ZESTFUL,7
ZEV,3
ZIG,3
ZIGZAG,6
ZIL,3
ZIM,3
ZINK,4
ZIP,3
ZIPF,4
ZIPKIN,6
ZIPS,4
ZISK,4
ZIV,3
ZLIN,4
ZLOBIN,6
ZOBRIST,7
ZOLOFT,6
ZON,3
ZONGOL,6
ZORKIN,6
ZORN,4
ZORZ,4
ZUG,3
ZUK,3
ZUMBRUN,7
ZVORNIK,7
